view,context,shared_components,raw_checkboxes,raw_tables,raw_buttons,raw_visible_inputs,raw_selects,raw_textareas,pill_candidates,fixed_column_candidates
about.blade.php,browser,7,0,0,0,0,0,0,2,0
account/invoice-receipt-show.blade.php,browser,4,0,0,0,0,0,0,0,0
account/invoice-receipts.blade.php,browser,15,0,0,0,0,0,0,0,0
account/invoices.blade.php,browser,22,0,0,0,0,0,0,0,0
account/media/index.blade.php,browser,20,0,0,0,0,0,0,0,0
account/orders.blade.php,browser,20,0,0,0,0,0,0,0,0
account/partials/two-factor-card.blade.php,browser,17,0,0,0,0,0,0,3,0
account/payments.blade.php,browser,20,0,0,0,0,0,0,0,0
account/quote-show.blade.php,browser,14,0,0,0,0,0,0,0,0
account/quotes.blade.php,browser,14,0,0,0,0,0,0,0,0
account/tickets.blade.php,browser,31,0,0,0,0,0,0,0,0
account.blade.php,browser,34,0,0,0,0,0,0,0,0
admin/analytics/index.blade.php,browser,47,0,0,0,0,0,0,0,0
admin/bas/index.blade.php,browser,20,0,0,0,0,0,0,0,0
admin/custom-page/edit.blade.php,browser,16,0,0,0,0,0,0,0,0
admin/custom-page/index.blade.php,browser,19,0,0,0,0,0,0,0,0
admin/dashboard/index.blade.php,browser,17,0,0,0,0,0,0,0,0
admin/dashboard/partials/weekly-workplan.blade.php,browser,1,0,0,0,0,0,0,0,2
admin/expense/edit.blade.php,browser,15,0,0,0,0,0,0,2,0
admin/expense/index.blade.php,browser,41,0,0,0,0,0,0,0,0
admin/invoice/edit.blade.php,browser,59,0,0,0,0,0,0,1,0
admin/invoice/index.blade.php,browser,51,0,0,0,0,0,0,0,0
admin/location/edit.blade.php,browser,17,0,0,0,0,0,0,0,0
admin/location/index.blade.php,browser,16,0,0,0,0,0,0,0,0
admin/media/_duplicate-comparison.blade.php,browser,9,0,0,0,0,0,0,0,0
admin/media/_duplicate-group.blade.php,browser,7,0,0,0,0,0,0,0,0
admin/media/bulk-edit.blade.php,browser,18,0,0,0,0,0,0,0,1
admin/media/duplicates.blade.php,browser,6,0,0,0,0,0,0,0,0
admin/media/edit.blade.php,browser,61,0,0,0,0,0,0,0,0
admin/media/index.blade.php,browser,47,0,0,1,0,0,0,0,1
admin/media/partials/actions.blade.php,browser,4,0,0,0,0,0,0,0,0
admin/media/partials/filters.blade.php,browser,18,0,0,0,0,0,0,0,2
admin/organisation/edit.blade.php,browser,36,0,0,0,0,0,0,0,0
admin/organisation/index.blade.php,browser,15,0,0,0,0,0,0,0,0
admin/payment/edit.blade.php,browser,43,0,0,0,0,0,0,0,0
admin/payment/index.blade.php,browser,39,0,0,0,0,0,0,0,0
admin/payment/partials/replacement-dialog.blade.php,browser,7,0,0,0,0,0,0,0,0
admin/payment/refunds.blade.php,browser,42,0,0,0,0,0,0,0,0
admin/pick-list-template/edit.blade.php,browser,49,0,0,0,0,0,0,0,1
admin/pick-list-template/index.blade.php,browser,17,0,0,0,0,0,0,0,0
admin/pick-list-template/partials/workshop-placeholder-help.blade.php,browser,2,0,0,0,0,0,0,0,0
admin/post/edit.blade.php,browser,13,0,0,0,0,0,0,0,0
admin/post/index.blade.php,browser,18,0,0,0,0,0,0,0,0
admin/quote/edit.blade.php,browser,47,0,0,0,0,0,0,0,0
admin/quote/index.blade.php,browser,38,0,0,0,0,0,0,0,0
admin/reminder/index.blade.php,browser,18,0,0,0,0,0,0,0,0
admin/server/audit.blade.php,browser,22,0,0,0,0,0,0,0,0
admin/server/backup-preparing.blade.php,browser,3,0,0,0,0,0,0,2,0
admin/server/backups.blade.php,browser,23,0,0,0,0,0,0,2,0
admin/server/file-backup.blade.php,browser,31,0,0,0,0,0,0,2,0
admin/server/index.blade.php,browser,20,0,0,0,0,0,0,0,0
admin/server/orphans.blade.php,browser,10,0,0,0,0,0,0,0,0
admin/server/sent-emails.blade.php,browser,17,0,0,0,0,0,0,0,0
admin/server/sent-sms.blade.php,browser,31,0,0,0,0,0,0,0,0
admin/server/square-event-show.blade.php,browser,11,0,0,0,0,0,0,0,0
admin/server/square-events.blade.php,browser,28,0,0,0,0,0,0,0,0
admin/shared/drawing-canvas.blade.php,browser,10,0,0,0,0,0,0,0,0
admin/shop/category/edit.blade.php,browser,10,0,0,0,0,0,0,1,0
admin/shop/category/index.blade.php,browser,15,0,0,0,0,0,0,1,0
admin/shop/coupon/edit.blade.php,browser,27,0,0,0,0,0,0,0,0
admin/shop/coupon/index.blade.php,browser,15,0,0,0,0,0,0,0,0
admin/shop/order/edit.blade.php,browser,79,0,0,0,0,0,0,1,0
admin/shop/order/index.blade.php,browser,16,0,0,0,0,0,0,0,0
admin/shop/product/edit.blade.php,browser,72,0,0,0,0,0,0,1,0
admin/shop/product/index.blade.php,browser,22,0,0,0,0,0,0,0,0
admin/shop/settings.blade.php,browser,45,0,0,0,0,0,0,0,0
admin/site-option/edit.blade.php,browser,10,0,0,0,0,0,0,0,0
admin/site-option/index.blade.php,browser,25,0,0,0,0,0,0,0,0
admin/stemcraft-content/edit.blade.php,browser,21,0,0,0,0,0,0,0,0
admin/subscription/edit.blade.php,browser,7,0,0,0,0,0,0,0,0
admin/subscription/index.blade.php,browser,46,0,0,0,0,0,0,1,0
admin/subscription/theme/edit.blade.php,browser,13,0,0,0,0,0,0,0,0
admin/subscription/theme/index.blade.php,browser,12,0,0,0,0,0,0,0,0
admin/tax-adjustment/create.blade.php,browser,9,0,0,0,0,0,0,0,0
admin/tax-adjustment/edit.blade.php,browser,11,0,0,0,0,0,0,0,0
admin/ticket/index.blade.php,browser,30,0,0,0,0,0,0,0,0
admin/user/create.blade.php,browser,27,0,0,0,0,0,0,0,0
admin/user/edit.blade.php,browser,52,0,0,0,0,0,0,0,0
admin/user/index.blade.php,browser,19,0,0,0,0,0,0,0,0
admin/user/payments.blade.php,browser,25,0,0,0,0,0,0,0,0
admin/workshop/attendance-kiosk.blade.php,browser,9,0,0,0,0,0,0,0,0
admin/workshop/attendance.blade.php,browser,67,0,0,0,0,0,0,0,0
admin/workshop/bulk-edit.blade.php,browser,22,0,0,0,0,0,0,0,1
admin/workshop/coverage.blade.php,browser,8,0,0,0,0,0,0,1,0
admin/workshop/edit.blade.php,browser,62,0,0,0,0,0,0,1,0
admin/workshop/files.blade.php,browser,30,0,1,0,0,0,0,4,0
admin/workshop/history.blade.php,browser,11,0,0,0,0,0,0,0,0
admin/workshop/index.blade.php,browser,49,0,0,0,0,0,0,0,0
admin/workshop/interests.blade.php,browser,10,0,0,0,0,0,0,0,0
admin/workshop/partials/matrix-filters.blade.php,browser,10,0,0,0,0,0,0,1,0
admin/workshop/partials/report-filters.blade.php,browser,8,0,0,0,0,0,0,0,0
admin/workshop/partials/report-multi-picker.blade.php,browser,3,0,0,0,0,0,0,1,0
admin/workshop/photos.blade.php,browser,42,0,1,0,0,0,0,6,0
admin/workshop/pick-list.blade.php,browser,34,0,0,0,0,0,0,0,0
admin/workshop/promotional-flyer.blade.php,browser,16,0,0,0,0,0,0,0,2
admin/workshop/tickets.blade.php,browser,53,0,0,0,0,0,0,0,0
admin/workshop-category/edit.blade.php,browser,10,0,0,0,0,0,0,1,0
admin/workshop-category/index.blade.php,browser,16,0,0,0,0,0,0,2,0
auth/login-2fa.blade.php,browser,24,0,0,0,0,0,0,0,0
auth/login-alt.blade.php,browser,8,0,0,0,0,0,0,0,0
auth/login-link.blade.php,browser,6,0,0,0,0,0,0,0,0
auth/login-password.blade.php,browser,16,0,0,0,0,0,0,0,0
auth/login.blade.php,browser,11,0,0,0,0,0,0,0,0
auth/logout.blade.php,browser,5,0,0,0,0,0,0,0,0
auth/privileged-mfa.blade.php,browser,7,0,0,0,0,0,0,0,0
auth/register-link.blade.php,browser,6,0,0,0,0,0,0,0,0
auth/register.blade.php,browser,12,0,0,0,0,0,0,0,0
cairns-minecraft.blade.php,browser,2,0,0,0,0,0,0,2,0
code-of-conduct.blade.php,browser,9,0,0,0,0,0,0,0,0
components/admin/configuration-check.blade.php,components,1,0,0,0,0,0,0,0,0
components/admin/finance-file-manager.blade.php,components,1,0,0,1,0,0,0,0,0
components/admin/invoice-email-modal.blade.php,components,4,0,0,4,3,0,1,0,0
components/admin/user-selector-inline.blade.php,components,21,0,0,4,1,0,0,0,0
components/altcha-proof.blade.php,components,0,0,0,0,0,0,0,0,0
components/best-seller-badge.blade.php,components,1,0,0,0,0,0,0,0,0
components/container.blade.php,components,0,0,0,0,0,0,0,0,0
components/dialog.blade.php,components,0,0,0,0,0,0,0,0,0
components/footer.blade.php,components,0,0,0,0,0,0,0,0,0
components/form-guard.blade.php,components,0,0,0,0,1,0,0,0,0
components/heading.blade.php,components,0,0,0,0,0,0,0,0,0
components/layout-kiosk.blade.php,components,0,0,0,0,0,0,0,0,0
components/layout.blade.php,components,5,0,0,0,0,0,0,0,0
components/mast.blade.php,components,2,0,0,0,0,0,0,0,0
components/navbar.blade.php,components,4,0,0,11,1,0,0,1,0
components/none-found.blade.php,components,0,0,0,0,0,0,0,0,0
components/noticebar.blade.php,components,0,0,0,0,0,0,0,0,0
components/on-holiday.blade.php,components,0,0,0,0,0,0,0,0,0
components/panel-post.blade.php,components,0,0,0,0,0,0,0,0,0
components/panel-workshop.blade.php,components,0,0,0,0,0,0,0,1,0
components/post.blade.php,components,0,0,0,0,0,0,0,0,0
components/product-category-badge.blade.php,components,1,0,0,0,0,0,0,0,0
components/push-prompt.blade.php,components,0,0,0,4,0,0,0,0,1
components/push-settings.blade.php,components,6,0,0,0,0,0,0,0,0
components/stemcraft/server-status-card.blade.php,components,0,0,0,0,0,0,0,1,0
components/stock-indicator.blade.php,components,0,0,0,0,0,0,0,0,0
components/ui/action-menu.blade.php,components,3,0,0,0,0,0,0,0,0
components/ui/badge.blade.php,components,0,0,0,0,0,0,0,0,0
components/ui/button.blade.php,components,0,0,0,1,0,0,0,0,0
components/ui/checkbox.blade.php,components,0,0,0,0,0,0,0,0,0
components/ui/collapsible-section.blade.php,components,0,0,0,0,0,0,0,0,0
components/ui/date-time.blade.php,components,0,0,0,0,0,0,0,0,0
components/ui/dynamic-list.blade.php,components,1,0,0,0,0,0,0,0,0
components/ui/editor.blade.php,components,0,0,0,75,1,0,0,0,0
components/ui/feedback.blade.php,components,1,0,0,0,0,0,0,0,0
components/ui/file-upload.blade.php,components,0,0,0,1,1,0,0,1,0
components/ui/file.blade.php,components,0,0,0,1,3,0,0,1,0
components/ui/filelist.blade.php,components,2,0,0,2,2,0,0,4,0
components/ui/filter-chip.blade.php,components,0,0,0,0,0,0,0,0,0
components/ui/gallery.blade.php,components,0,0,0,1,1,0,0,0,0
components/ui/grid.blade.php,components,0,0,0,0,0,0,0,0,0
components/ui/highlighter.blade.php,components,0,0,0,0,0,0,0,0,0
components/ui/image-hero.blade.php,components,0,0,0,0,0,0,0,0,0
components/ui/input-control.blade.php,components,0,0,0,0,1,0,0,0,0
components/ui/input.blade.php,components,1,0,0,0,6,0,3,0,0
components/ui/insert-here.blade.php,components,0,0,0,0,0,0,0,0,0
components/ui/list-dialog.blade.php,components,1,0,0,0,0,0,0,0,0
components/ui/list-pagination.blade.php,components,0,0,0,0,0,0,0,0,0
components/ui/loading-indicator.blade.php,components,0,0,0,0,0,0,0,0,0
components/ui/loading-progress.blade.php,components,0,0,0,0,0,0,0,0,0
components/ui/marker-strike.blade.php,components,0,0,0,0,0,0,0,0,0
components/ui/media-uploader.blade.php,components,3,0,0,0,1,0,0,0,0
components/ui/media.blade.php,components,0,0,0,2,1,0,0,0,0
components/ui/mini-editor.blade.php,components,0,0,0,9,0,0,0,0,0
components/ui/nonbreaking.blade.php,components,0,0,0,0,0,0,0,0,0
components/ui/page-upload.blade.php,components,2,0,0,0,0,0,0,0,0
components/ui/partials/checkbox-input.blade.php,components,0,1,0,0,0,0,0,0,0
components/ui/password.blade.php,components,1,0,0,0,1,0,0,0,0
components/ui/preset-views.blade.php,components,1,0,0,0,0,0,0,0,0
components/ui/row-action.blade.php,components,1,0,0,0,0,0,0,0,0
components/ui/row-actions.blade.php,components,0,0,0,0,0,0,0,0,0
components/ui/search.blade.php,components,2,0,0,0,1,0,0,0,0
components/ui/select-control.blade.php,components,0,0,0,0,0,1,0,0,0
components/ui/select.blade.php,components,1,0,0,1,0,1,0,0,0
components/ui/selection-toolbar.blade.php,components,1,0,0,0,0,0,0,0,0
components/ui/sort-heading.blade.php,components,0,0,0,0,0,0,0,0,0
components/ui/table.blade.php,components,0,0,1,0,0,0,0,0,0
components/ui/tags.blade.php,components,0,0,0,1,1,0,0,1,0
components/ui/textarea-control.blade.php,components,0,0,0,0,0,0,1,0,0
components/ui/toolbar.blade.php,components,0,0,0,0,0,0,0,0,0
components/ui/trend-chart.blade.php,components,0,0,0,0,0,0,0,1,0
components/ui/view-tabs.blade.php,components,0,0,0,0,0,0,0,0,0
contact.blade.php,browser,11,0,0,0,0,0,0,0,0
custom-page/show.blade.php,browser,4,0,0,0,0,0,0,0,0
emails/contact-message.blade.php,emails,0,0,0,0,0,0,0,0,0
emails/email-update-confirm.blade.php,emails,0,0,0,0,0,0,0,0,0
emails/email-update-request.blade.php,emails,0,0,0,0,0,0,0,0,0
emails/finance-document.blade.php,emails,0,0,3,0,0,0,0,0,0
emails/invoice-document-bundle.blade.php,emails,0,0,0,0,0,0,0,0,0
emails/invoice-payment-link.blade.php,emails,0,0,0,0,0,0,0,0,0
emails/login-backup-code.blade.php,emails,0,0,0,0,0,0,0,0,0
emails/login-tfa-disabled.blade.php,emails,0,0,0,0,0,0,0,0,0
emails/login-tfa-enabled.blade.php,emails,0,0,0,0,0,0,0,0,0
emails/login.blade.php,emails,0,0,0,0,0,0,0,0,0
emails/partials/newsletter-forward-promotion.blade.php,emails,0,0,1,0,0,0,0,0,0
emails/partials/newsletter-product-card.blade.php,emails,0,0,5,0,0,0,0,0,0
emails/partials/newsletter-store-section.blade.php,emails,0,0,1,0,0,0,0,0,0
emails/partials/newsletter-workshop-section.blade.php,emails,0,0,1,0,0,0,0,0,0
emails/partials/store-order-shipment-plan.blade.php,emails,0,0,0,0,0,0,0,0,0
emails/partials/upcoming-workshop-card.blade.php,emails,0,0,8,0,0,0,0,0,0
emails/partials/upcoming-workshop-item.blade.php,emails,0,0,0,0,0,0,0,0,0
emails/partials/upcoming-workshop-location-group.blade.php,emails,0,0,0,0,0,0,0,0,0
emails/payment-receipt.blade.php,emails,0,0,0,0,0,0,0,0,0
emails/pending-bank-transfer-payments-digest.blade.php,emails,0,0,0,0,0,0,0,0,0
emails/quote-customer-response-admin-notification.blade.php,emails,0,0,0,0,0,0,0,0,0
emails/register.blade.php,emails,0,0,0,0,0,0,0,0,0
emails/reminder-notification.blade.php,emails,0,0,1,0,0,0,0,0,0
emails/scheduled-invoice-failure.blade.php,emails,0,0,0,0,0,0,0,0,0
emails/scheduled-invoice-review.blade.php,emails,0,0,0,0,0,0,0,0,0
emails/site-error-alert.blade.php,emails,1,0,0,0,0,0,0,0,0
emails/store-low-stock-admin-alert.blade.php,emails,0,0,0,0,0,0,0,0,0
emails/store-order-admin-notification.blade.php,emails,0,0,0,0,0,0,0,0,0
emails/store-order-admin-update-digest.blade.php,emails,0,0,0,0,0,0,0,0,0
emails/store-order-admin-update-notice.blade.php,emails,0,0,0,0,0,0,0,0,0
emails/store-order-confirmation.blade.php,emails,0,0,0,0,0,0,0,0,0
emails/store-order-customer-update-digest.blade.php,emails,0,0,0,0,0,0,0,0,0
emails/store-order-customer-update-notice.blade.php,emails,0,0,0,0,0,0,0,0,0
emails/store-order-paid.blade.php,emails,0,0,1,0,0,0,0,0,0
emails/store-quote-request-admin-notification.blade.php,emails,0,0,1,0,0,0,0,0,0
emails/subscribe.blade.php,emails,0,0,0,0,0,0,0,0,0
emails/ticket-attendee-update.blade.php,emails,0,0,0,0,0,0,0,0,0
emails/ticket-cancelled-notice.blade.php,emails,0,0,0,0,0,0,0,0,0
emails/ticket-magic-link.blade.php,emails,0,0,0,0,0,0,0,0,0
emails/ticket-manual-refund-notice.blade.php,emails,0,0,0,0,0,0,0,0,0
emails/ticket-no-tickets.blade.php,emails,0,0,0,0,0,0,0,0,0
emails/ticket-order-confirmation.blade.php,emails,0,0,0,0,0,0,0,0,0
emails/upcoming-workshops.blade.php,emails,0,0,3,0,0,0,0,0,0
emails/user-delete.blade.php,emails,0,0,0,0,0,0,0,0,0
emails/weekly-workplan.blade.php,emails,0,0,0,0,0,0,0,0,0
emails/welcome.blade.php,emails,0,0,4,0,0,0,0,0,0
emails/workshop-interest-admin-notification.blade.php,emails,0,0,0,0,0,0,0,0,0
emails/workshop-ticket-broadcast.blade.php,emails,0,0,0,0,0,0,0,0,0
errors/401.blade.php,browser,0,0,0,0,0,0,0,0,0
errors/402.blade.php,browser,0,0,0,0,0,0,0,0,0
errors/403.blade.php,browser,1,0,0,0,0,0,0,0,0
errors/404.blade.php,browser,1,0,0,0,0,0,0,0,0
errors/419.blade.php,browser,0,0,0,0,0,0,0,0,0
errors/429.blade.php,browser,0,0,0,0,0,0,0,0,0
errors/500.blade.php,browser,0,0,0,0,0,0,0,0,0
errors/503.blade.php,browser,0,0,0,0,0,0,0,0,0
errors/layout.blade.php,browser,0,0,0,0,0,0,0,0,0
errors/minimal.blade.php,browser,0,0,0,0,0,0,0,0,0
home.blade.php,browser,19,0,0,0,0,0,0,1,0
invoice/portal.blade.php,browser,8,0,0,0,0,0,0,1,0
livewire/email-subscribe.blade.php,browser,3,0,0,0,0,0,0,2,0
media-download-started.blade.php,browser,4,0,0,0,0,0,0,0,0
media-password.blade.php,browser,3,0,0,0,0,0,0,0,0
pdf/bas.blade.php,pdf,0,0,3,0,0,0,0,0,0
pdf/invoice.blade.php,pdf,0,0,11,0,0,0,0,0,0
pdf/partials/footer.blade.php,pdf,0,0,2,0,0,0,0,0,0
pdf/partials/styling.blade.php,pdf,0,0,0,0,0,0,0,0,0
pdf/partials/workshop-pick-list-page.blade.php,pdf,0,0,3,0,0,0,0,0,0
pdf/payment-receipt.blade.php,pdf,0,0,5,0,0,0,0,0,0
pdf/quote.blade.php,pdf,0,0,5,0,0,0,0,0,0
pdf/store-order-pick-list.blade.php,pdf,0,0,4,0,0,0,0,0,0
pdf/tax-adjustment.blade.php,pdf,0,0,5,0,0,0,0,0,0
pdf/ticket.blade.php,pdf,0,0,4,0,0,0,0,0,0
pdf/weekly-workplan.blade.php,pdf,0,0,4,0,0,0,0,0,0
pdf/workshop-attendance-sheet.blade.php,pdf,0,0,1,0,0,0,0,0,0
pdf/workshop-coverage.blade.php,pdf,0,0,1,0,0,0,0,0,0
pdf/workshop-history.blade.php,pdf,0,0,1,0,0,0,0,0,0
pdf/workshop-month-calendar.blade.php,pdf,0,0,2,0,0,0,0,0,0
pdf/workshop-month-materials-summary.blade.php,pdf,0,0,2,0,0,0,0,0,0
pdf/workshop-month-pick-lists.blade.php,pdf,0,0,1,0,0,0,0,0,0
pdf/workshop-pick-list.blade.php,pdf,0,0,2,0,0,0,0,0,0
pdf/workshop-promotional-flyer.blade.php,pdf,0,0,0,0,0,0,0,0,0
pdf/workshop-ticket-roll.blade.php,pdf,0,0,1,0,0,0,0,0,0
post/index.blade.php,browser,9,0,0,0,0,0,0,0,0
post/show.blade.php,browser,7,0,0,0,0,0,0,0,0
privacy.blade.php,browser,15,0,0,0,0,0,0,0,0
search/partials/store-products.blade.php,browser,9,0,0,0,0,0,0,0,0
search.blade.php,browser,9,0,0,0,0,0,0,0,0
shop/cart.blade.php,browser,19,0,0,0,0,0,0,0,0
shop/checkout.blade.php,browser,34,0,0,0,0,0,0,1,0
shop/index.blade.php,browser,13,0,0,0,0,0,0,0,0
shop/order-download-started.blade.php,browser,5,0,0,0,0,0,0,1,0
shop/order-download-verify.blade.php,browser,6,0,0,0,0,0,0,0,0
shop/order.blade.php,browser,12,0,0,0,0,0,0,8,0
shop/partials/catalog-cart-control.blade.php,browser,4,0,0,0,0,0,0,0,0
shop/partials/catalog-option-control.blade.php,browser,10,0,0,0,0,0,0,0,0
shop/partials/checkout-order-summary.blade.php,browser,8,0,0,0,0,0,0,0,0
shop/partials/checkout-steps.blade.php,browser,1,0,0,0,0,0,0,1,0
shop/partials/flow-summary.blade.php,browser,1,0,0,0,0,0,0,0,0
shop/partials/processing-pause-notice.blade.php,browser,0,0,0,0,0,0,0,0,0
shop/partials/product-details-caution.blade.php,browser,0,0,0,0,0,0,0,0,0
shop/partials/shipping-breakdown.blade.php,browser,0,0,0,0,0,0,0,0,0
shop/payment.blade.php,browser,6,0,0,0,0,0,0,1,0
shop/quote-requested.blade.php,browser,3,0,0,0,0,0,0,0,0
shop/show.blade.php,browser,12,0,0,0,0,0,0,0,1
shop/unavailable.blade.php,browser,5,0,0,0,0,0,0,0,0
sitemap/index.blade.php,browser,0,0,0,0,0,0,0,0,0
sitemap/xml.blade.php,browser,0,0,0,0,0,0,0,0,0
stemcraft/faqs.blade.php,browser,6,0,0,0,0,0,0,1,0
stemcraft/index.blade.php,browser,12,0,0,0,0,0,0,13,0
stemcraft/join.blade.php,browser,8,0,0,0,0,0,0,0,0
stemcraft/rules.blade.php,browser,6,0,0,0,0,0,0,1,0
terms-conditions.blade.php,browser,24,0,0,0,0,0,0,0,0
tickets/invoice-receipts.blade.php,browser,13,0,0,0,0,0,0,0,0
tickets/list.blade.php,browser,25,0,0,0,0,0,0,0,0
tickets/request.blade.php,browser,6,0,0,0,0,0,0,0,0
vendor/mail/html/button.blade.php,vendor,0,0,0,0,0,0,0,0,0
vendor/mail/html/footer.blade.php,vendor,0,0,1,0,0,0,0,0,0
vendor/mail/html/header.blade.php,vendor,0,0,1,0,0,0,0,0,0
vendor/mail/html/layout.blade.php,vendor,0,0,3,0,0,0,0,0,0
vendor/mail/html/message.blade.php,vendor,6,0,0,0,0,0,0,0,0
vendor/mail/html/panel.blade.php,vendor,0,0,2,0,0,0,0,0,0
vendor/mail/html/subcopy.blade.php,vendor,0,0,0,0,0,0,0,0,0
vendor/mail/html/table.blade.php,vendor,0,0,0,0,0,0,0,0,0
vendor/mail/text/button.blade.php,vendor,0,0,0,0,0,0,0,0,0
vendor/mail/text/footer.blade.php,vendor,0,0,0,0,0,0,0,0,0
vendor/mail/text/header.blade.php,vendor,0,0,0,0,0,0,0,0,0
vendor/mail/text/layout.blade.php,vendor,0,0,0,0,0,0,0,0,0
vendor/mail/text/message.blade.php,vendor,4,0,0,0,0,0,0,0,0
vendor/mail/text/panel.blade.php,vendor,0,0,0,0,0,0,0,0,0
vendor/mail/text/subcopy.blade.php,vendor,0,0,0,0,0,0,0,0,0
vendor/mail/text/table.blade.php,vendor,0,0,0,0,0,0,0,0,0
vendor/notifications/email.blade.php,vendor,3,0,0,0,0,0,0,0,0
vendor/pagination/bootstrap-4.blade.php,vendor,0,0,0,0,0,0,0,0,0
vendor/pagination/bootstrap-5.blade.php,vendor,0,0,0,0,0,0,0,0,0
vendor/pagination/default.blade.php,vendor,0,0,0,0,0,0,0,0,0
vendor/pagination/semantic-ui.blade.php,vendor,0,0,0,0,0,0,0,0,0
vendor/pagination/simple-bootstrap-4.blade.php,vendor,0,0,0,0,0,0,0,0,0
vendor/pagination/simple-bootstrap-5.blade.php,vendor,0,0,0,0,0,0,0,0,0
vendor/pagination/simple-default.blade.php,vendor,0,0,0,0,0,0,0,0,0
vendor/pagination/simple-tailwind.blade.php,vendor,0,0,0,0,0,0,0,0,0
vendor/pagination/tailwind.blade.php,vendor,0,0,0,0,0,0,0,0,0
workshop/feed.blade.php,browser,0,0,0,0,0,0,0,0,0
workshop/index.blade.php,browser,26,0,0,0,0,0,0,0,0
workshop/partials/recommendations.blade.php,browser,2,0,0,0,0,0,0,0,0
workshop/show.blade.php,browser,25,0,0,0,0,0,0,0,0
workshop/suburb.blade.php,browser,6,0,0,0,0,0,0,1,0
workshop/tickets/complete.blade.php,browser,7,0,0,0,0,0,0,0,0
workshop/tickets/details.blade.php,browser,10,0,0,0,0,0,0,0,0
workshop/tickets/partials/summary.blade.php,browser,2,0,0,0,0,0,0,0,0
workshop/tickets/payment.blade.php,browser,12,0,0,0,0,0,0,1,0
workshop/tickets/start.blade.php,browser,12,0,0,0,0,0,0,0,0
